,Datetime,Position,price
0,2009-04-30 13:31:00.000000,2,3573.312
1,2009-05-05 09:05:00.000000,-2,3577.506
2,2009-05-05 09:08:00.000000,-2,3583.762
3,2009-05-11 09:18:00.000000,2,3668.9120000000003
4,2009-05-11 09:19:00.000000,2,3669.192
5,2009-05-25 09:56:00.000000,-2,3603.7929999999997
6,2009-05-25 09:59:00.000000,-3,3603.768
7,2009-06-01 09:03:00.000000,3,3645.282
8,2009-06-01 09:07:00.000000,3,3641.487
9,2009-06-23 09:51:00.000000,-3,3851.245
10,2009-06-23 09:52:00.000000,-3,3852.3259999999996
11,2009-07-09 13:38:00.000000,3,3855.9190000000003
12,2009-07-09 13:39:00.000000,3,3858.151
13,2009-08-14 11:01:00.000000,-3,4510.16
14,2009-08-14 11:30:00.000000,-1,4504.920999999999
15,2009-08-21 10:37:00.000000,1,4417.916
16,2009-08-21 10:38:00.000000,1,4424.775
17,2009-08-31 10:38:00.000000,-1,4165.484
18,2009-08-31 10:39:00.000000,-1,4167.337
19,2009-09-16 14:55:00.000000,1,4023.6279999999997
20,2009-09-16 14:56:00.000000,1,4022.9309999999996
21,2009-09-17 14:43:00.000000,-1,3990.705
22,2009-09-17 14:50:00.000000,-1,3990.6620000000003
23,2009-09-21 09:18:00.000000,1,3994.6009999999997
24,2009-09-21 09:19:00.000000,1,3996.216
25,2009-09-23 10:37:00.000000,-1,3913.1690000000003
26,2009-09-23 10:38:00.000000,-1,3912.7940000000003
27,2009-10-15 10:12:00.000000,1,3733.792
28,2009-10-15 10:13:00.000000,1,3734.3259999999996
29,2009-11-24 14:39:00.000000,-1,4184.387
30,2009-11-24 14:40:00.000000,-2,4184.812
31,2009-11-30 09:05:00.000000,2,4199.7
32,2009-11-30 09:38:00.000000,2,4201.9929999999995
33,2009-12-08 09:20:00.000000,-2,4187.29
34,2009-12-08 09:25:00.000000,-2,4178.918
35,2009-12-10 09:30:00.000000,2,4197.561
36,2009-12-10 09:31:00.000000,2,4202.812
37,2009-12-14 09:23:00.000000,-2,4238.155
38,2009-12-14 09:24:00.000000,-2,4245.938
39,2009-12-24 14:44:00.000000,2,4394.4129
40,2009-12-24 14:45:00.000000,2,4394.295
41,2010-01-07 10:10:00.000000,-2,4484.567
42,2010-01-07 10:11:00.000000,-2,4401.911
43,2010-01-18 10:59:00.000000,2,4401.528
44,2010-01-18 11:00:00.000000,2,4399.419
45,2010-01-22 13:32:00.000000,-2,4288.630999999999
46,2010-01-22 13:33:00.000000,-2,4291.407999999999
47,2010-01-27 13:32:00.000000,2,4339.286
48,2010-01-27 14:00:00.000000,2,4335.606
49,2010-02-02 09:53:00.000000,-2,4309.5559
50,2010-02-02 09:54:00.000000,-2,4307.393
51,2010-02-10 11:26:00.000000,2,4267.476
52,2010-02-10 11:28:00.000000,2,4268.7969
53,2010-02-22 10:08:00.000000,-2,4316.879
54,2010-02-22 10:13:00.000000,-2,4318.59
55,2010-02-23 13:37:00.000000,2,4369.407999999999
56,2010-02-23 13:38:00.000000,2,4370.804
57,2010-04-19 13:37:00.000000,-2,4744.842000000001
58,2010-04-19 13:38:00.000000,-3,4743.894
59,2010-05-04 10:38:00.000000,3,4655.87
60,2010-05-04 10:39:00.000000,3,4654.956
61,2010-05-07 09:10:00.000000,-3,4534.7969
62,2010-05-07 09:12:00.000000,-3,4548.015
63,2010-06-21 13:36:00.000000,3,4160.9709
64,2010-06-21 13:37:00.000000,2,4166.555
65,2010-06-28 11:08:00.000000,-2,4075.0890000000004
66,2010-06-28 11:12:00.000000,-2,4076.449
67,2010-07-15 10:14:00.000000,2,3996.091
68,2010-07-15 10:15:00.000000,3,3996.137
69,2010-08-20 14:24:00.000000,-3,4303.78
70,2010-08-20 14:27:00.000000,-3,4302.932
71,2010-08-30 14:46:00.000000,3,4321.07
72,2010-08-30 14:47:00.000000,3,4321.728
73,2010-09-09 09:39:00.000000,-3,4427.041
74,2010-09-09 09:40:00.000000,-3,4447.74
75,2010-10-11 10:56:00.000000,3,4417.731
76,2010-10-11 10:58:00.000000,2,4416.335
77,2010-10-19 11:29:00.000000,-2,4413.916
78,2010-10-25 10:03:00.000000,2,4423.032
79,2010-10-26 14:52:00.000000,-2,4429.361
80,2010-10-26 14:53:00.000000,-2,4430.1
81,2010-10-27 10:31:00.000000,2,4480.17
82,2010-10-27 10:32:00.000000,2,4482.121
83,2010-11-12 11:08:00.000000,-2,4636.683
84,2010-11-12 11:09:00.000000,-2,4633.524
85,2010-11-15 09:23:00.000000,2,4657.049
86,2010-11-15 09:24:00.000000,2,4658.088
87,2010-12-20 11:25:00.000000,-2,4779.9529999999995
88,2010-12-20 11:26:00.000000,-2,4781.617
89,2010-12-27 09:19:00.000000,2,4763.5509999999995
90,2010-12-27 09:23:00.000000,3,4764.6
91,2011-01-27 09:28:00.000000,-3,4963.439
92,2011-01-27 09:29:00.000000,-4,4961.031
93,2011-01-28 09:10:00.000000,4,4983.068
94,2011-01-28 11:00:00.000000,3,4983.6989
95,2011-02-17 10:59:00.000000,-3,5016.085999999999
96,2011-02-17 11:00:00.000000,-3,5013.553
97,2011-02-21 13:43:00.000000,3,5018.0379
98,2011-02-22 11:03:00.000000,-3,4946.319
99,2011-03-14 09:06:00.000000,3,4717.384
100,2011-03-14 14:52:00.000000,3,4718.299
101,2011-03-18 13:32:00.000000,-3,4775.1719
102,2011-03-18 13:34:00.000000,-2,4776.095
103,2011-03-22 13:48:00.000000,2,4683.3639
104,2011-03-22 13:49:00.000000,2,4683.412
105,2011-04-15 09:28:00.000000,-2,4852.884
106,2011-04-15 09:29:00.000000,-3,4833.992
107,2011-04-20 10:52:00.000000,3,4819.439
108,2011-04-21 09:32:00.000000,3,4867.162
109,2011-05-06 09:12:00.000000,-3,4813.3909
110,2011-05-06 09:13:00.000000,-3,4812.401
111,2011-05-13 11:22:00.000000,3,4842.403
112,2011-05-13 13:59:00.000000,3,4844.428
113,2011-05-23 09:42:00.000000,-3,4809.059
114,2011-05-23 09:44:00.000000,-3,4807.959
115,2011-05-24 09:46:00.000000,3,4794.025
116,2011-05-24 09:49:00.000000,3,4795.109
117,2011-06-09 14:56:00.000000,-3,4855.142
118,2011-06-09 14:57:00.000000,-4,4853.111
119,2011-06-14 10:03:00.000000,4,4821.973
120,2011-06-14 10:04:00.000000,4,4821.210999999999
121,2011-06-17 10:39:00.000000,-4,4750.52
122,2011-06-17 10:40:00.000000,-4,4753.293
123,2011-06-23 11:02:00.000000,4,4727.008
124,2011-06-23 11:14:00.000000,4,4726.108
125,2011-07-25 14:22:00.000000,-4,4882.169
126,2011-07-25 14:23:00.000000,-5,4880.562
127,2011-07-26 09:36:00.000000,5,4890.996
128,2011-07-26 10:01:00.000000,4,4891.736
129,2011-08-05 09:02:00.000000,-4,4866.505
130,2011-08-05 09:03:00.000000,-5,4867.2659
131,2011-08-09 13:32:00.000000,5,4789.527
132,2011-08-09 13:33:00.000000,4,4791.611
133,2011-08-26 14:01:00.000000,-4,4810.491
134,2011-08-26 14:02:00.000000,-4,4812.456
135,2011-08-30 09:08:00.000000,4,4807.353
136,2011-08-30 09:09:00.000000,4,4809.375
137,2011-09-05 11:15:00.000000,-4,4811.973
138,2011-09-05 11:16:00.000000,-4,4810.357
139,2011-09-07 09:02:00.000000,4,4837.0959
140,2011-09-07 09:03:00.000000,4,4832.957
141,2011-09-08 11:23:00.000000,-4,4824.54
142,2011-09-08 11:27:00.000000,-4,4822.713
143,2011-09-23 11:03:00.000000,4,4542.231
144,2011-09-23 11:06:00.000000,4,4540.964
145,2011-09-26 14:42:00.000000,-4,4396.036
146,2011-09-26 14:43:00.000000,-4,4389.2429999999995
147,2011-10-24 14:51:00.000000,4,4112.939
148,2011-10-24 14:52:00.000000,2,4119.9259999999995
149,2011-11-10 09:05:00.000000,-2,4048.886
150,2011-11-11 09:32:00.000000,2,4147.771
151,2011-11-21 09:37:00.000000,-2,4110.835
152,2011-11-21 11:02:00.000000,-2,4106.3009999999995
153,2011-11-22 14:26:00.000000,2,4103.217000000001
154,2011-11-23 09:01:00.000000,2,4106.126
155,2011-12-01 09:46:00.000000,-2,4174.340999999999
156,2011-12-01 09:47:00.000000,-2,4172.475
157,2011-12-15 09:06:00.000000,2,4131.467000000001
158,2011-12-15 09:08:00.000000,3,4134.412
159,2011-12-19 10:48:00.000000,-3,4169.366
160,2011-12-19 10:49:00.000000,-3,4169.119000000001
161,2011-12-22 14:34:00.000000,3,4204.175
162,2011-12-22 14:35:00.000000,3,4203.228
163,2012-01-04 11:28:00.000000,-3,4209.061
164,2012-01-04 11:29:00.000000,-4,4209.318
165,2012-01-05 10:01:00.000000,4,4174.145
166,2012-01-05 10:02:00.000000,3,4171.347
167,2012-02-07 13:46:00.000000,-3,4301.854
168,2012-02-07 13:47:00.000000,-4,4299.737
169,2012-02-08 13:43:00.000000,4,4304.157
170,2012-02-08 13:44:00.000000,4,4303.29
171,2012-02-09 14:22:00.000000,-4,4305.959
172,2012-02-09 14:29:00.000000,-4,4306.247
173,2012-02-21 13:37:00.000000,4,4220.061
174,2012-02-21 13:39:00.000000,4,4220.061
175,2012-03-14 13:51:00.000000,-4,4317.845
176,2012-03-14 13:52:00.000000,-5,4316.347
177,2012-03-21 11:25:00.000000,5,4344.088
178,2012-03-21 11:27:00.000000,5,4343.237
179,2012-03-28 14:27:00.000000,-5,4343.354
180,2012-03-28 14:28:00.000000,-6,4341.66
181,2012-03-30 09:22:00.000000,6,4326.589
182,2012-03-30 09:23:00.000000,6,4326.865
183,2012-04-05 09:04:00.000000,-6,4297.997
184,2012-04-05 09:05:00.000000,-6,4299.545999999999
185,2012-04-05 10:46:00.000000,6,4325.333
186,2012-04-05 10:47:00.000000,6,4327.157999999999
187,2012-04-23 11:18:00.000000,-6,4283.934
188,2012-04-23 11:22:00.000000,-6,4282.929
189,2012-05-28 10:47:00.000000,6,4072.881
190,2012-05-28 10:48:00.000000,5,4070.804
191,2012-06-04 10:08:00.000000,-5,4030.864
192,2012-06-04 10:10:00.000000,-5,4031.6659999999997
193,2012-06-05 13:51:00.000000,5,4082.3979999999997
194,2012-06-05 13:56:00.000000,4,4084.598
195,2012-06-26 10:12:00.000000,-4,4087.337
196,2012-06-26 10:13:00.000000,-5,4084.7259999999997
197,2012-07-03 10:01:00.000000,5,4054.466
198,2012-07-03 10:02:00.000000,5,4057.683
199,2012-07-09 14:39:00.000000,-5,4030.949
200,2012-07-09 14:40:00.000000,-5,4030.927
201,2012-08-03 10:03:00.000000,5,3685.1290000000004
202,2012-08-03 10:41:00.000000,4,3683.552
203,2012-08-17 09:29:00.000000,-4,3642.712
204,2012-08-17 09:30:00.000000,-4,3641.7140000000004
205,2012-09-06 14:58:00.000000,4,3292.821
206,2012-09-07 10:32:00.000000,4,3341.175
207,2012-09-20 14:48:00.000000,-4,3497.7340000000004
208,2012-09-20 14:53:00.000000,-3,3495.413
209,2012-09-24 14:02:00.000000,3,3530.527
210,2012-09-24 14:03:00.000000,3,3528.492
211,2012-10-23 14:15:00.000000,-3,3665.203
212,2012-10-23 14:19:00.000000,-3,3665.755
213,2012-11-01 10:45:00.000000,3,3653.417
214,2012-11-01 10:46:00.000000,3,3653.708
215,2012-11-19 09:07:00.000000,-3,3613.534
216,2012-11-19 09:08:00.000000,-4,3618.007
217,2012-12-03 09:25:00.000000,4,3543.303
218,2012-12-03 09:26:00.000000,4,3542.82
219,2013-01-11 13:40:00.000000,-4,3943.56
220,2013-01-11 13:41:00.000000,-4,3941.645
221,2013-01-14 11:05:00.000000,4,3965.2270000000003
222,2013-01-14 11:07:00.000000,4,3966.137
223,2013-01-16 13:32:00.000000,-4,3904.24
224,2013-01-16 13:33:00.000000,-3,3912.077
225,2013-01-18 15:00:00.000000,3,3986.978
226,2013-01-21 09:01:00.000000,3,3991.342
227,2013-01-24 14:12:00.000000,-3,4003.205
228,2013-01-24 14:40:00.000000,-3,4007.336
229,2013-01-25 13:49:00.000000,3,4072.9309999999996
230,2013-01-25 13:51:00.000000,3,4075.117
231,2013-02-18 10:03:00.000000,-3,4155.5959
232,2013-02-18 10:06:00.000000,-3,4155.151
233,2013-02-19 10:10:00.000000,3,4166.068
234,2013-02-19 10:12:00.000000,3,4165.673
235,2013-02-21 09:30:00.000000,-3,4080.635
236,2013-02-21 09:31:00.000000,-3,4071.9959999999996
237,2013-02-28 13:35:00.000000,3,4036.2859999999996
238,2013-02-28 13:36:00.000000,3,4037.4790000000003
239,2013-03-08 10:35:00.000000,-3,3898.048
240,2013-03-08 10:36:00.000000,-3,3897.173
241,2013-03-15 11:00:00.000000,3,3830.507
242,2013-03-15 11:01:00.000000,3,3828.71
243,2013-03-28 11:04:00.000000,-3,3840.692
244,2013-03-28 11:11:00.000000,-3,3837.5559999999996
245,2013-03-29 09:17:00.000000,3,3819.697
246,2013-03-29 09:18:00.000000,3,3817.71
247,2013-04-01 10:07:00.000000,-3,3740.68
248,2013-04-01 10:08:00.000000,-3,3740.684
249,2013-04-03 10:32:00.000000,3,3804.5159999999996
250,2013-04-03 10:33:00.000000,3,3804.393
251,2013-04-15 10:53:00.000000,-3,3738.8520000000003
252,2013-04-15 10:54:00.000000,-3,3736.8390000000004
253,2013-04-16 09:42:00.000000,3,3711.389
254,2013-04-16 10:08:00.000000,3,3714.4
255,2013-04-17 11:22:00.000000,-3,3697.739
256,2013-04-17 11:23:00.000000,-3,3699.725
257,2013-04-18 10:06:00.000000,3,3661.61
258,2013-04-18 10:07:00.000000,3,3672.4309999999996
259,2013-05-09 14:17:00.000000,-3,3614.0440000000003
260,2013-05-09 14:23:00.000000,-3,3612.0490000000004
261,2013-05-10 14:43:00.000000,3,3639.87
262,2013-05-10 14:45:00.000000,3,3638.881
263,2013-05-14 13:34:00.000000,-3,3614.111
264,2013-05-15 14:02:00.000000,-3,3573.763
265,2013-05-17 13:44:00.000000,3,3585.5029999999997
266,2013-05-17 13:45:00.000000,3,3586.533
267,2013-05-21 11:20:00.000000,-3,3572.656
268,2013-05-21 11:21:00.000000,-3,3574.558
269,2013-06-03 14:54:00.000000,3,3484.2459999999996
270,2013-06-03 14:55:00.000000,3,3483.533
271,2013-06-06 13:51:00.000000,-3,3424.368
272,2013-06-06 14:46:00.000000,-3,3424.237
273,2013-06-13 09:06:00.000000,3,3430.875
274,2013-06-13 09:07:00.000000,3,3444.243
275,2013-06-14 09:31:00.000000,-3,3398.85
276,2013-06-14 09:35:00.000000,-3,3399.145
277,2013-06-17 09:07:00.000000,3,3494.112
278,2013-06-17 09:08:00.000000,3,3489.9709999999995
279,2013-06-20 13:37:00.000000,-3,3477.421
280,2013-06-20 13:44:00.000000,-3,3479.415
281,2013-06-21 09:58:00.000000,3,3488.224
282,2013-06-21 10:07:00.000000,3,3488.228
283,2013-06-24 10:32:00.000000,-3,3477.992
284,2013-06-24 10:34:00.000000,-3,3475.777
285,2013-06-27 10:06:00.000000,3,3486.698
286,2013-06-27 10:07:00.000000,3,3499.657
287,2013-07-26 09:38:00.000000,-3,3652.33
288,2013-07-26 09:48:00.000000,-4,3652.3309999999997
289,2013-07-31 09:28:00.000000,4,3616.405
290,2013-07-31 09:29:00.000000,5,3619.742
291,2013-08-28 14:38:00.000000,-5,3781.236
292,2013-08-28 14:43:00.000000,-5,3776.2940000000003
293,2013-08-29 09:05:00.000000,5,3775.907
294,2013-08-29 13:47:00.000000,-5,3732.026
295,2013-08-30 09:05:00.000000,5,3742.9640000000004
296,2013-08-30 09:22:00.000000,5,3744.555
297,2013-09-03 11:14:00.000000,-5,3750.91
298,2013-09-03 11:15:00.000000,-5,3750.095
299,2013-09-09 09:45:00.000000,5,3749.278
300,2013-09-09 09:46:00.000000,5,3753.157
301,2013-09-13 09:52:00.000000,-5,3681.094
302,2013-09-13 09:53:00.000000,-5,3677.292
303,2013-09-23 13:47:00.000000,5,3656.538
304,2013-09-23 14:56:00.000000,5,3656.402
305,2013-09-27 14:40:00.000000,-5,3577.5229999999997
306,2013-09-27 14:43:00.000000,-5,3576.539
307,2013-10-09 14:18:00.000000,5,3629.452
308,2013-10-09 14:19:00.000000,5,3628.3340000000003
309,2013-10-15 14:42:00.000000,-5,3613.849
310,2013-10-15 14:43:00.000000,-5,3609.554
311,2013-10-30 14:43:00.000000,5,3579.454
312,2013-10-30 14:44:00.000000,6,3580.449
313,2013-11-15 14:40:00.000000,-6,3583.638
314,2013-11-15 14:41:00.000000,-6,3581.927
315,2013-11-19 09:12:00.000000,6,3593.225
316,2013-11-19 09:13:00.000000,6,3592.841
317,2013-11-21 13:42:00.000000,-6,3601.281
318,2013-11-21 13:43:00.000000,-6,3602.8259999999996
319,2013-11-26 13:33:00.000000,6,3645.4629999999997
320,2013-11-26 13:34:00.000000,6,3647.1890000000003
321,2013-12-13 09:13:00.000000,-6,3700.147
322,2013-12-13 09:23:00.000000,-7,3699.248
323,2014-01-02 09:19:00.000000,7,3603.74
324,2014-01-02 09:20:00.000000,6,3603.048
325,2014-01-03 09:21:00.000000,-6,3581.08
326,2014-01-03 09:22:00.000000,-6,3580.789
327,2014-01-10 13:55:00.000000,6,3516.178
328,2014-01-10 13:56:00.000000,6,3516.796
329,2014-01-21 09:15:00.000000,-6,3445.6809999999996
330,2014-01-21 09:17:00.000000,-6,3445.302
331,2014-01-22 10:41:00.000000,6,3453.367
332,2014-01-22 10:42:00.000000,6,3452.679
333,2014-01-28 14:50:00.000000,-6,3465.716
334,2014-01-28 14:51:00.000000,-6,3461.741
335,2014-01-30 14:01:00.000000,6,3487.2659999999996
336,2014-01-30 14:02:00.000000,5,3488.2470000000003
337,2014-02-07 10:04:00.000000,-5,3443.78
338,2014-02-07 10:07:00.000000,-6,3448.04
339,2014-02-10 10:57:00.000000,6,3445.617
340,2014-02-10 10:59:00.000000,5,3446.5809999999997
341,2014-02-18 14:17:00.000000,-5,3472.627
342,2014-02-18 14:18:00.000000,-5,3472.283
343,2014-03-11 09:26:00.000000,5,3196.555
344,2014-03-11 09:27:00.000000,5,3189.7790000000005
345,2014-04-16 14:10:00.000000,-5,3328.3759999999997
346,2014-04-16 14:20:00.000000,-5,3327.551
347,2014-04-29 14:50:00.000000,5,3256.563
348,2014-04-29 14:53:00.000000,5,3258.558
349,2014-05-08 09:01:00.000000,-5,3179.9640000000004
350,2014-05-12 10:31:00.000000,5,3175.67
351,2014-05-16 09:01:00.000000,-5,3126.906
352,2014-05-16 13:36:00.000000,-5,3089.9699
353,2014-05-22 09:53:00.000000,5,3100.7990000000004
354,2014-05-22 10:02:00.000000,5,3104.8
355,2014-05-28 13:54:00.000000,-5,3104.801
356,2014-05-30 09:59:00.000000,-5,3078.7869
357,2014-06-13 11:10:00.000000,5,3040.598
358,2014-06-13 11:11:00.000000,6,3041.341
359,2014-07-18 14:24:00.000000,-6,3083.6020000000003
360,2014-07-18 14:25:00.000000,-7,3082.665
361,2014-07-28 14:22:00.000000,7,3082.2529999999997
362,2014-07-28 14:26:00.000000,7,3081.9570000000003
363,2014-08-11 14:59:00.000000,-7,3071.196
364,2014-08-11 15:00:00.000000,-7,3070.18
365,2014-09-15 09:03:00.000000,7,2831.4390000000003
366,2014-09-15 14:33:00.000000,7,2831.429
367,2014-09-19 01:01:00.000000,-7,2772.333
368,2014-09-19 09:54:00.000000,-6,2738.07
369,2014-09-26 11:14:00.000000,6,2615.657
370,2014-09-26 11:15:00.000000,5,2615.376
371,2014-10-16 09:25:00.000000,-5,2605.145
372,2014-10-16 09:27:00.000000,-4,2606.652
373,2014-10-24 13:47:00.000000,4,2578.366
374,2014-10-24 15:00:00.000000,4,2578.01
375,2014-11-05 14:56:00.000000,-4,2546.8720000000003
376,2014-11-05 14:57:00.000000,-5,2544.8520000000003
377,2014-11-06 09:24:00.000000,5,2557.549
378,2014-11-06 09:25:00.000000,5,2557.762
379,2014-11-13 14:59:00.000000,-5,2539.468
380,2014-11-13 15:00:00.000000,-5,2539.272
381,2014-11-27 14:33:00.000000,5,2483.634
382,2014-11-27 14:34:00.000000,5,2485.371
383,2014-12-16 14:09:00.000000,-5,2540.29
384,2014-12-16 14:10:00.000000,-5,2540.225
385,2014-12-19 10:11:00.000000,5,2571.0569
386,2014-12-19 10:12:00.000000,5,2570.1839999999997
387,2014-12-22 10:01:00.000000,-5,2549.6020000000003
388,2014-12-22 10:02:00.000000,-5,2545.9319
389,2014-12-24 14:06:00.000000,5,2501.0
390,2014-12-24 14:48:00.000000,5,2502.583
391,2015-01-12 14:52:00.000000,-5,2513.111
392,2015-01-12 14:53:00.000000,-5,2512.275
393,2015-01-15 14:51:00.000000,5,2519.265
394,2015-01-15 14:52:00.000000,5,2519.449
395,2015-01-26 10:54:00.000000,-5,2464.312
396,2015-01-26 10:55:00.000000,-5,2457.687
397,2015-01-27 04:02:00.000000,5,2482.913
398,2015-01-27 04:03:00.000000,5,2482.913
399,2015-02-01 04:02:00.000000,-5,2483.399
400,2015-02-01 04:03:00.000000,-5,2483.399
401,2015-02-02 01:06:00.000000,5,2524.229
402,2015-02-01 23:59:59.999989,5,2515.183
403,2015-02-09 11:26:00.000000,-5,2491.331
404,2015-02-09 13:32:00.000000,-6,2491.261
405,2015-02-10 04:02:00.000000,6,2514.581
406,2015-02-10 04:03:00.000000,6,2514.581
407,2015-02-12 09:05:00.000000,-6,2501.444
408,2015-02-12 09:14:00.000000,-6,2502.169
409,2015-02-13 23:59:59.999989,7,2520.214
410,2015-02-15 23:59:59.999989,-7,2509.402
411,2015-02-16 09:09:00.000000,7,2553.072
412,2015-02-16 09:10:00.000000,7,2554.14
413,2015-02-25 09:11:00.000000,-7,2503.716
414,2015-02-25 09:12:00.000000,-6,2507.34
415,2015-02-26 04:02:00.000000,6,2542.665
416,2015-02-26 04:03:00.000000,6,2542.665
417,2015-02-27 23:59:59.999989,-6,2517.077
418,2015-03-01 23:59:59.999989,6,2532.6710000000003
419,2015-03-02 09:17:00.000000,-6,2476.587
420,2015-03-02 09:18:00.000000,-6,2477.859
421,2015-03-02 14:35:00.000000,6,2516.13
422,2015-03-02 14:36:00.000000,6,2514.7199
423,2015-03-03 04:02:00.000000,-6,2492.813
424,2015-03-03 04:03:00.000000,-6,2492.813
425,2015-03-08 23:59:59.999989,6,2487.3720000000003
426,2015-03-10 14:08:00.000000,-6,2410.6239
427,2015-03-10 14:10:00.000000,-6,2409.123
428,2015-03-11 04:02:00.000000,6,2444.111
429,2015-03-11 04:03:00.000000,5,2444.12
430,2015-03-24 04:02:00.000000,-5,2471.1710000000003
431,2015-03-24 04:03:00.000000,-6,2471.154
432,2015-03-24 09:08:00.000000,6,2551.965
433,2015-03-25 14:54:00.000000,-5,2493.525
434,2015-03-26 04:02:00.000000,5,2525.827
435,2015-03-26 04:03:00.000000,5,2525.808
436,2015-03-27 23:59:59.999989,-5,2440.0659
437,2015-04-01 04:02:00.000000,5,2446.744
438,2015-04-01 04:03:00.000000,4,2446.744
439,2015-04-23 04:02:00.000000,-4,2286.763
440,2015-04-23 04:03:00.000000,-5,2286.763
441,2015-04-24 01:07:00.000000,5,2340.573
442,2015-04-24 01:08:00.000000,4,2342.4770000000003
443,2015-04-29 14:11:00.000000,-4,2353.8320000000003
444,2015-04-29 14:12:00.000000,-4,2351.895
445,2015-04-30 04:02:00.000000,4,2401.009
446,2015-04-30 04:03:00.000000,4,2401.009
447,2015-05-05 04:02:00.000000,-4,2370.956
448,2015-05-05 04:03:00.000000,-4,2370.956
449,2015-05-08 23:59:59.999989,4,2415.863
450,2015-05-14 11:01:00.000000,-4,2360.3520000000003
451,2015-05-14 11:05:00.000000,-4,2359.5820000000003
452,2015-05-19 04:02:00.000000,4,2371.962
453,2015-05-19 04:03:00.000000,4,2371.962
454,2015-05-20 13:32:00.000000,-4,2322.006
455,2015-05-20 13:33:00.000000,-4,2322.111
456,2015-05-21 04:02:00.000000,4,2346.049
457,2015-05-21 04:03:00.000000,4,2346.049
458,2015-06-03 09:23:00.000000,-4,2372.064
459,2015-06-03 09:32:00.000000,-5,2372.101
460,2015-06-04 04:02:00.000000,5,2380.085
461,2015-06-04 04:03:00.000000,5,2379.925
462,2015-06-05 23:59:59.999989,-5,2343.844
463,2015-06-07 23:59:59.999989,5,2358.6020000000003
464,2015-06-12 02:47:00.000000,-5,2340.7039999999997
465,2015-06-12 02:48:00.000000,-6,2341.515
466,2015-06-14 04:03:00.000000,6,2344.411
467,2015-06-14 04:04:00.000000,6,2344.576
468,2015-06-12 23:59:59.999989,-6,2317.2529999999997
469,2015-06-14 23:59:59.999989,6,2330.161
470,2015-06-15 10:01:00.000000,-6,2294.27
471,2015-06-15 10:02:00.000000,-6,2293.1239
472,2015-06-17 04:02:00.000000,6,2282.201
473,2015-06-17 04:03:00.000000,5,2282.377
474,2015-06-29 14:37:00.000000,-5,2207.6439
475,2015-06-29 14:38:00.000000,-6,2209.343
476,2015-07-03 02:35:00.000000,6,2179.65
477,2015-07-03 02:36:00.000000,5,2181.936
478,2015-07-06 09:50:00.000000,-5,2069.811
479,2015-07-06 09:51:00.000000,-5,2066.811
480,2015-07-07 04:02:00.000000,5,2077.0389999999998
481,2015-07-07 04:03:00.000000,4,2077.0389999999998
482,2015-07-07 14:08:00.000000,-4,1971.59
483,2015-07-07 14:09:00.000000,-4,1970.915
484,2015-07-09 09:02:00.000000,4,1986.8229999999999
485,2015-07-09 09:04:00.000000,4,1981.395
486,2015-07-22 13:47:00.000000,-4,2027.519
487,2015-07-22 13:48:00.000000,-3,2023.8929999999998
488,2015-07-27 03:24:00.000000,3,2055.9339999999997
489,2015-07-27 03:25:00.000000,3,2056.536
490,2015-08-10 13:36:00.000000,-3,2047.625
491,2015-08-10 13:39:00.000000,-4,2048.474
492,2015-08-11 03:13:00.000000,4,2074.151
493,2015-08-11 03:14:00.000000,4,2071.013
494,2015-08-18 01:01:00.000000,-4,2062.286
495,2015-08-18 04:02:00.000000,4,2073.69
496,2015-08-19 11:06:00.000000,-4,2038.799
497,2015-08-19 11:07:00.000000,-5,2038.6729999999998
498,2015-08-27 09:26:00.000000,5,1978.389
499,2015-08-27 09:27:00.000000,4,1978.24
500,2015-09-07 09:02:00.000000,-4,1923.796
501,2015-09-07 09:30:00.000000,-5,1924.5220000000002
502,2015-09-08 15:00:00.000000,5,1947.895
503,2015-09-09 01:01:00.000000,4,1952.54
504,2015-09-21 11:01:00.000000,-4,1906.655
505,2015-09-21 11:03:00.000000,-5,1907.406
506,2015-09-25 03:56:00.000000,5,1909.0320000000002
507,2015-09-25 03:57:00.000000,6,1908.275
508,2015-09-28 14:40:00.000000,-6,1868.7910000000002
509,2015-09-28 14:41:00.000000,-6,1867.995
510,2015-10-09 23:59:59.999989,6,1856.7920000000001
511,2015-10-19 13:32:00.000000,-6,1822.004
512,2015-10-19 13:36:00.000000,-6,1823.703
513,2015-10-27 10:48:00.000000,6,1809.6329999999998
514,2015-10-27 10:49:00.000000,7,1810.185
515,2015-11-03 13:48:00.000000,-7,1778.286
516,2015-11-03 13:52:00.000000,-8,1779.269
517,2015-11-06 23:59:59.999989,8,1787.899
518,2015-11-10 13:41:00.000000,-8,1788.434
519,2015-11-10 13:42:00.000000,-8,1788.058
520,2015-11-16 09:18:00.000000,8,1765.789
521,2015-11-16 09:20:00.000000,9,1767.3470000000002
522,2015-11-18 11:06:00.000000,-9,1739.5079999999998
523,2015-11-18 11:07:00.000000,-9,1738.8020000000001
524,2015-11-25 04:40:00.000000,9,1695.4820000000002
525,2015-11-25 04:41:00.000000,8,1697.231
526,2016-01-04 11:17:00.000000,-8,1793.0079999999998
527,2016-01-04 11:21:00.000000,-6,1795.119
528,2016-01-15 23:59:59.999989,6,1786.7579999999998
529,2016-01-28 14:01:00.000000,-6,1829.494
530,2016-01-28 14:02:00.000000,-6,1828.6729999999998
531,2016-02-01 01:17:00.000000,6,1827.8570000000002
532,2016-02-01 01:20:00.000000,6,1828.0510000000002
533,2016-02-01 14:02:00.000000,-6,1817.844
534,2016-02-01 14:03:00.000000,-6,1817.6629999999998
535,2016-02-04 01:18:00.000000,6,1836.4779999999998
536,2016-02-04 01:25:00.000000,6,1837.652
537,2016-03-08 10:09:00.000000,-6,2129.553
538,2016-03-08 10:10:00.000000,-5,2110.449
539,2016-03-10 03:44:00.000000,5,2143.6479999999997
540,2016-03-10 03:45:00.000000,4,2144.123
541,2016-03-28 14:53:00.000000,-4,2165.972
542,2016-03-28 14:54:00.000000,-3,2163.959
543,2016-03-31 02:35:00.000000,3,2154.255
544,2016-03-31 02:36:00.000000,3,2154.2470000000003
545,2016-04-05 09:32:00.000000,-3,2173.7869
546,2016-04-05 09:33:00.000000,-3,2169.069
547,2016-04-07 14:48:00.000000,3,2214.4539999999997
548,2016-04-07 14:51:00.000000,3,2216.577
549,2016-05-03 13:32:00.000000,-3,2434.09
550,2016-05-03 13:33:00.000000,-2,2428.427
551,2016-05-27 14:08:00.000000,2,2011.4720000000002
552,2016-05-27 14:09:00.000000,2,2015.1129999999998
553,2016-05-30 09:02:00.000000,-2,1938.555
554,2016-05-30 09:03:00.000000,-2,1936.241
555,2016-06-02 10:01:00.000000,2,1970.894
556,2016-06-02 10:02:00.000000,2,1974.226
557,2016-06-14 13:54:00.000000,-2,2076.045
558,2016-06-14 13:55:00.000000,-2,2077.051
559,2016-06-21 09:22:00.000000,2,2091.745
560,2016-06-21 09:23:00.000000,2,2091.2960000000003
561,2016-07-18 09:05:00.000000,-2,2417.481
562,2016-07-18 09:06:00.000000,-2,2413.2399
563,2016-07-21 11:29:00.000000,2,2345.6439
564,2016-07-21 11:30:00.000000,2,2350.002
565,2016-07-22 11:25:00.000000,-2,2281.438
566,2016-07-22 13:34:00.000000,-2,2281.966
567,2016-07-27 09:22:00.000000,2,2406.112
568,2016-07-27 09:23:00.000000,2,2408.8069
569,2016-08-04 13:51:00.000000,-2,2397.509
570,2016-08-04 13:52:00.000000,-2,2397.897
571,2016-08-05 09:02:00.000000,2,2487.038
572,2016-08-05 09:03:00.000000,2,2483.325
573,2016-08-25 10:41:00.000000,-2,2542.81
574,2016-08-25 10:43:00.000000,-2,2546.724
575,2016-09-02 10:31:00.000000,2,2449.026
576,2016-09-02 10:32:00.000000,2,2456.9899
577,2016-09-07 09:50:00.000000,-2,2357.947
578,2016-09-07 09:51:00.000000,-2,2351.277
579,2016-09-19 11:14:00.000000,2,2243.072
580,2016-09-19 13:55:00.000000,2,2244.2070000000003
581,2016-09-27 10:01:00.000000,-2,2274.456
582,2016-09-27 10:02:00.000000,-3,2266.659
583,2016-09-29 09:02:00.000000,3,2320.764
584,2016-09-29 09:03:00.000000,3,2319.425
585,2016-11-14 13:45:00.000000,-3,2971.176
586,2016-11-14 13:46:00.000000,-2,2951.973
587,2016-11-22 09:27:00.000000,2,2831.3739
588,2016-11-22 09:28:00.000000,1,2851.6659999999997
589,2016-11-29 14:46:00.000000,-1,3086.7790000000005
590,2016-11-29 14:47:00.000000,-1,3078.3990000000003
591,2016-12-01 11:08:00.000000,1,3101.982
592,2016-12-01 11:10:00.000000,1,3105.619
593,2016-12-09 09:02:00.000000,-1,3235.465
594,2016-12-09 09:03:00.000000,-1,3234.449
595,2016-12-12 09:02:00.000000,1,3493.9829999999997
596,2016-12-12 09:03:00.000000,1,3480.566
597,2016-12-22 14:46:00.000000,-1,3042.8340000000003
598,2016-12-22 14:47:00.000000,-1,3046.837
599,2017-01-04 11:29:00.000000,1,2933.1329
600,2017-01-04 11:30:00.000000,1,2932.485
601,2017-02-03 09:02:00.000000,-1,3231.9190000000003
602,2017-02-03 09:03:00.000000,-1,3227.9309999999996
603,2017-02-07 11:30:00.000000,1,3157.63
604,2017-02-07 13:31:00.000000,1,3157.756
605,2017-02-24 09:32:00.000000,-1,3360.177
606,2017-02-27 09:02:00.000000,1,3551.063
607,2017-02-28 14:40:00.000000,-1,3502.2940000000003
608,2017-02-28 14:41:00.000000,-1,3500.4970000000003
609,2017-03-01 10:34:00.000000,1,3506.448
610,2017-03-01 10:35:00.000000,1,3506.667
611,2017-03-03 01:33:00.000000,-1,3455.3190000000004
612,2017-03-03 02:01:00.000000,-1,3454.1820000000002
613,2017-03-07 09:08:00.000000,1,3449.533
614,2017-03-07 09:09:00.000000,1,3449.052
615,2017-03-08 11:01:00.000000,-1,3374.202
616,2017-03-08 11:02:00.000000,-1,3368.782
617,2017-03-13 10:31:00.000000,1,3417.765
618,2017-03-13 10:32:00.000000,1,3415.075
619,2017-03-21 10:57:00.000000,-1,3370.3779999999997
620,2017-03-21 10:58:00.000000,-1,3369.387
621,2017-04-26 11:27:00.000000,1,2988.178
622,2017-04-26 11:29:00.000000,2,2989.058
623,2017-05-04 09:09:00.000000,-2,2999.202
624,2017-05-04 09:10:00.000000,-2,2992.5479
625,2017-05-08 03:00:00.000000,2,2995.327
626,2017-05-08 09:01:00.000000,2,3001.8379999999997
627,2017-05-11 09:26:00.000000,-2,2979.841
628,2017-05-11 09:27:00.000000,-2,2974.8340000000003
629,2017-05-15 09:02:00.000000,2,2985.515
630,2017-05-15 09:03:00.000000,2,2991.7729999999997
631,2017-05-31 14:47:00.000000,-2,3085.777
632,2017-05-31 14:48:00.000000,-2,3084.3990000000003
633,2017-06-14 11:30:00.000000,2,2979.402
634,2017-06-14 13:31:00.000000,2,2980.922
635,2017-07-14 10:58:00.000000,-2,3501.265
636,2017-07-14 10:59:00.000000,-2,3492.717
637,2017-07-17 09:02:00.000000,2,3561.9840000000004
638,2017-07-17 09:03:00.000000,2,3564.255
639,2017-07-20 13:44:00.000000,-2,3517.829
640,2017-07-20 13:45:00.000000,-2,3517.0559999999996
641,2017-07-25 10:32:00.000000,2,3524.151
642,2017-07-25 10:33:00.000000,2,3523.8920000000003
643,2017-08-23 01:56:00.000000,-2,3826.527
644,2017-08-23 01:57:00.000000,-1,3827.252
645,2017-08-24 10:01:00.000000,1,3854.2209999999995
646,2017-08-24 10:02:00.000000,1,3864.8559999999998
647,2017-08-28 09:02:00.000000,-1,3839.6490000000003
648,2017-08-28 09:05:00.000000,-1,3836.1820000000002
649,2017-08-31 14:38:00.000000,1,3915.905
650,2017-08-31 14:39:00.000000,1,3913.803
651,2017-09-14 14:26:00.000000,-1,3823.172
652,2017-09-21 14:00:00.000000,-1,3676.902
653,2017-09-29 14:47:00.000000,1,3660.5429999999997
654,2017-09-29 14:55:00.000000,1,3661.3909999999996
655,2017-10-10 01:48:00.000000,-1,3587.45
656,2017-10-10 01:49:00.000000,-1,3582.762
657,2017-10-11 10:00:00.000000,1,3582.631
658,2017-10-11 10:01:00.000000,1,3581.6290000000004
659,2017-10-19 09:42:00.000000,-1,3566.2470000000003
660,2017-10-19 10:01:00.000000,-1,3569.982
661,2017-10-20 10:50:00.000000,1,3654.76
662,2017-10-20 10:51:00.000000,1,3660.748
663,2017-10-23 02:26:00.000000,-1,3638.89
664,2017-10-23 02:27:00.000000,-1,3634.927
665,2017-10-24 14:06:00.000000,1,3760.821
666,2017-10-24 14:13:00.000000,1,3759.417
667,2017-11-02 01:01:00.000000,-1,3583.6209999999996
668,2017-11-02 02:53:00.000000,1,3631.633
669,2017-11-15 02:58:00.000000,-1,3764.494
670,2017-11-15 02:59:00.000000,-1,3756.853
671,2017-11-20 11:30:00.000000,1,3748.5429999999997
672,2017-11-20 13:31:00.000000,2,3749.991
673,2017-12-06 10:51:00.000000,-2,3971.8590000000004
674,2017-12-06 10:53:00.000000,-2,3968.651
675,2017-12-08 13:44:00.000000,2,3930.292
676,2017-12-08 13:45:00.000000,2,3932.9790000000003
677,2017-12-25 09:02:00.000000,-2,3869.6459999999997
678,2017-12-25 09:03:00.000000,-2,3865.0559999999996
679,2017-12-26 14:43:00.000000,2,3822.605
680,2017-12-26 14:46:00.000000,2,3824.5359999999996
681,2018-01-12 11:16:00.000000,-2,3777.25
682,2018-01-12 11:17:00.000000,-2,3776.262
683,2018-01-16 10:31:00.000000,2,3816.505
684,2018-01-16 10:32:00.000000,2,3814.7490000000003
685,2018-02-05 02:59:00.000000,-2,3908.6659999999997
686,2018-02-05 03:00:00.000000,-3,3905.812
687,2018-02-06 01:58:00.000000,3,3968.289
688,2018-02-06 02:01:00.000000,3,3968.1740000000004
689,2018-02-06 09:20:00.000000,-3,3920.9840000000004
690,2018-02-06 09:21:00.000000,-3,3919.263
691,2018-02-12 09:16:00.000000,3,3893.074
692,2018-02-12 09:17:00.000000,3,3893.9429999999998
693,2018-02-22 09:38:00.000000,-3,3890.4959999999996
694,2018-02-22 09:41:00.000000,-3,3887.343
695,2018-02-23 13:32:00.000000,3,3854.636
696,2018-02-23 13:33:00.000000,3,3856.9829999999997
697,2018-03-05 14:20:00.000000,-3,3933.386
698,2018-03-05 14:21:00.000000,-3,3934.5209999999997
699,2018-03-30 14:53:00.000000,3,3444.926
700,2018-03-30 14:54:00.000000,2,3448.317
701,2018-04-16 11:05:00.000000,-2,3417.2740000000003
702,2018-04-16 11:09:00.000000,-2,3415.215
703,2018-04-17 10:14:00.000000,2,3421.058
704,2018-04-17 10:15:00.000000,2,3421.1809999999996
705,2018-04-20 13:40:00.000000,-2,3469.341
706,2018-04-20 13:41:00.000000,-2,3466.5879999999997
707,2018-04-23 09:05:00.000000,2,3502.3740000000003
708,2018-04-23 09:08:00.000000,2,3505.9390000000003
709,2018-05-18 10:00:00.000000,-2,3617.078
710,2018-05-18 10:01:00.000000,-3,3615.9240000000004
711,2018-05-24 14:14:00.000000,3,3553.969
712,2018-05-24 14:15:00.000000,3,3560.51
713,2018-06-19 10:00:00.000000,-3,3780.625
714,2018-06-19 10:01:00.000000,-3,3770.047
715,2018-06-20 13:36:00.000000,3,3781.711
716,2018-06-20 13:37:00.000000,3,3780.5609999999997
717,2018-07-06 10:31:00.000000,-3,3695.046
718,2018-07-06 10:32:00.000000,-3,3694.9509999999996
719,2018-07-09 11:26:00.000000,3,3764.039
720,2018-07-09 11:27:00.000000,3,3766.6090000000004
721,2018-08-27 10:32:00.000000,-3,4259.5559
722,2018-08-27 10:38:00.000000,-2,4260.411
723,2018-09-07 02:16:00.000000,2,4213.615
724,2018-09-07 02:23:00.000000,2,4213.811
725,2018-09-11 01:12:00.000000,-2,4182.568
726,2018-09-11 01:13:00.000000,-2,4182.2209
727,2018-09-18 14:40:00.000000,2,4163.501
728,2018-09-18 14:41:00.000000,2,4164.2299
729,2018-09-25 14:04:00.000000,-2,4068.704
730,2018-09-25 14:05:00.000000,-2,4069.62
731,2018-10-09 14:46:00.000000,2,4000.455
732,2018-10-09 14:47:00.000000,2,4002.881
733,2018-10-11 09:12:00.000000,-2,3921.6009999999997
734,2018-10-12 13:46:00.000000,2,4077.56
735,2018-10-18 13:59:00.000000,-2,4056.5490000000004
736,2018-10-18 14:00:00.000000,-2,4057.316
737,2018-10-22 02:17:00.000000,2,4044.276
738,2018-10-22 02:19:00.000000,2,4044.27
739,2018-10-29 10:10:00.000000,-2,4092.244
740,2018-10-29 10:11:00.000000,-2,4090.067
741,2018-10-30 13:34:00.000000,2,4110.099
742,2018-10-30 13:48:00.000000,2,4108.482
743,2018-10-31 09:41:00.000000,-2,4019.698
744,2018-10-31 14:26:00.000000,-2,4018.688
745,2018-11-14 13:32:00.000000,2,3784.849
746,2018-11-14 14:31:00.000000,2,3787.143
747,2018-11-21 09:02:00.000000,-2,3528.393
748,2018-11-21 09:05:00.000000,-2,3515.528
749,2018-11-27 02:58:00.000000,2,3464.974
750,2018-11-28 13:57:00.000000,2,3458.2490000000003
751,2018-12-10 09:35:00.000000,-2,3366.893
752,2018-12-10 10:40:00.000000,-2,3367.012
753,2018-12-13 02:54:00.000000,2,3405.825
754,2018-12-13 02:55:00.000000,2,3407.566
755,2018-12-24 02:26:00.000000,-2,3459.632
756,2018-12-24 02:56:00.000000,-2,3458.592
757,2018-12-27 09:02:00.000000,2,3448.88
758,2018-12-27 09:03:00.000000,2,3441.8320000000003
759,2019-01-15 09:57:00.000000,-2,3484.9390000000003
760,2019-01-15 09:58:00.000000,-3,3486.618
761,2019-01-18 01:52:00.000000,3,3554.5609999999997
762,2019-01-18 01:53:00.000000,3,3556.389
763,2019-02-13 13:51:00.000000,-3,3650.526
764,2019-02-13 13:52:00.000000,-3,3649.3540000000003
765,2019-02-22 09:58:00.000000,3,3678.118
766,2019-02-22 10:00:00.000000,3,3678.508
767,2019-03-08 01:42:00.000000,-3,3696.297
768,2019-03-08 02:38:00.000000,-3,3696.995
